original_filename,noise_filename,target_filename,original_duration,noise_duration,target_duration,start_position,end_position,original_sample_rate,noise_sample_rate,target_sample_rate
a0001.wav,173559.wav,merg_a0001_173559.wav,35.666009070294784,4.958095238095238,35.666009070294784,19.306802721088435,24.264897959183674,44100,44100,44100
a0001.wav,173576.wav,merg_a0001_173576.wav,35.666009070294784,4.850181405895691,35.666009070294784,18.75092970521542,23.601111111111113,44100,44100,44100
a0001.wav,173585.wav,merg_a0001_173585.wav,35.666009070294784,4.918820861678005,35.666009070294784,20.054172335600907,24.97299319727891,44100,44100,44100
a0001.wav,173586.wav,merg_a0001_173586.wav,35.666009070294784,5.0259637188208615,35.666009070294784,19.38605442176871,24.41201814058957,44100,44100,44100
a0001.wav,214336.wav,merg_a0001_214336.wav,35.666009070294784,2.519092970521542,35.666009070294784,10.5478231292517,13.066916099773243,44100,44100,44100
