Normal File,Noise File,Output File,Start Noise Position,End Noise Position
31527.wav,344267.wav,merged_31527.wav,28.03562358276644,30.343945578231292
31529.wav,344267.wav,merged_31529.wav,64.7892970521542,67.09761904761905
31530.wav,344267.wav,merged_31530.wav,95.0562358276644,97.36455782312925
31531.wav,344267.wav,merged_31531.wav,10.649727891156463,12.958049886621316
